segment,Customers,Avg_Recency,Avg_Frequency,Avg_Monetary,segment_label
0,1638,493.45177045177047,0.9379331641003712,5.824736313976899,Low Engagement
1,1384,106.20447976878613,0.9634609432428665,5.826860489390993,Low Engagement
2,1891,98.84822845055527,1.8089043177611919,7.395137255579139,At Risk
3,965,42.7419689119171,2.920282996229679,8.907503442246798,Potential Loyalist
